{
    "pagerInfo": {
        "pagerName": "新疆汉语考试一级试卷",
        "pagerLevel": 1,
        "pagerNo": "xhk_1_001",
        "questionNum": "60",
		"pagerStep":['注意事项','第1到第5题','一、1','一、2','一、3','一、4','一、5','第6到第15题','一、6','一、7','一、8','一、9','一、10','一、11','一、12','一、13','一、14','一、15','第16到第20题','二、16','二、17','二、18','二、19','二、20','第21到第25题','二、21','二、22','二、23','二、24','二、25','第26到第30题','三、26','三、27','三、28','三、29','三、30','第31到第35题','三、31','三、32','三、33','三、34','三、35','第36到第40题','三、36','三、37','三、38','三、39','三、40']
    },
    "pagerArray": [
        {
            "paperHeader": {
                "pagerType": "WELCOME",
                "questionType": "0",
                "questionTitleType": "",
                "questionOptionType": "",
                "questionOptionNum": 0,
                "showType": 1
            },
            "actions": [
                {
                    "actionType": "TITLE1",
                    "actionText": "大家好！欢迎参加新疆汉考（一级）考试"
                },
                {
                    "actionType": "TITLE2",
                    "actionText": "注 意"
                },
                {
                    "actionType": "TITLE2",
                    "actionText": "一、XHK（一级）分两部分："
                },
                {
                    "actionType": "TXT",
                    "actionText": "1.说话（15题，约7分钟）"
                },
                {
                    "actionType": "TXT",
                    "actionText": "2.听力（10题，10分钟）"
                },
                {
                    "actionType": "TXT",
                    "actionText": "3.阅读（15题，15分钟）"
                },
                {
                    "actionType": "TITLE3",
                    "actionText": "全部考试约35分钟"
                },
                {
                    "actionType": "AUDIO",
                    "actionAudioPath": "welcome.mp3"
                }
            ]
        },
        {
            "paperHeader": {
                "pagerType": "TITLE",
                "questionType": "1",
                "questionTitleType": "",
                "questionOptionType": "",
                "questionOptionNum": 0,
                "showType": 1
            },
            "actions": [
                {
                    "actionType": "TITLE1",
                    "actionText": "一、说话"
                },
                {
                    "actionType": "TXT",
                    "actionText": "一共15个题。第1到第5题，每题你会听到一个句子，请在“嘀”声后重复这个句子。"
                },
                {
                    "actionType": "AUDIO",
                    "actionAudioPath": "shuohua.mp3"
                },
                {
                    "actionType": "AUDIO",
                    "actionAudioPath": "1-5.mp3"
                }
            ]
        },
        {
            "paperHeader": {
                "pagerType": "QUESTION",
                "questionType": "2",
                "questionTitleType": "AUDIO",
                "questionOptionType": "",
                "questionOptionNum": 0,
                "showType": 1,
                "questionNo": "01",
                "questionId": "xhk100001"
            },
            "actions": [
                {
                    "actionType": "TITLE",
                    "actionText": "说话,第1题（共40题）"
                },
                {
                    "actionType": "QUESTION_TITLE",
                    "actionText": "1、听后重复"
                },
                {
                    "actionType": "AUDIO",
                    "actionAudioPath": "q1.mp3"
                },
                {
                    "actionType": "AUDIO",
                    "actionAudioPath": "DI.mp3"
                },
                {
                    "actionType": "RECORD",
                    "actionRecordSecond": 10
                }
            ]
        },
        {
            "paperHeader": {
                "pagerType": "QUESTION",
                "questionType": "2",
                "questionTitleType": "AUDIO",
                "questionOptionType": "",
                "questionOptionNum": 0,
                "showType": 1,
                "questionNo": "02",
                "questionId": "xhk100002"
            },
            "actions": [
                {
                    "actionType": "TITLE",
                    "actionText": "说话,第2题（共40题）"
                },
                {
                    "actionType": "QUESTION_TITLE",
                    "actionText": "2、听后重复"
                },
                {
                    "actionType": "AUDIO",
                    "actionAudioPath": "q2.mp3"
                },
                {
                    "actionType": "AUDIO",
                    "actionAudioPath": "DI.mp3"
                },
                {
                    "actionType": "RECORD",
                    "actionRecordSecond": 10
                }
            ]
        },
        {
            "paperHeader": {
                "pagerType": "QUESTION",
                "questionType": "2",
                "questionTitleType": "AUDIO",
                "questionOptionType": "",
                "questionOptionNum": 0,
                "showType": 1,
                "questionNo": "03",
                "questionId": "xhk100003"
            },
            "actions": [
                {
                    "actionType": "TITLE",
                    "actionText": "说话,第3题（共40题）"
                },
                {
                    "actionType": "QUESTION_TITLE",
                    "actionText": "3、听后重复"
                },
                {
                    "actionType": "AUDIO",
                    "actionAudioPath": "q3.mp3"
                },
                {
                    "actionType": "AUDIO",
                    "actionAudioPath": "DI.mp3"
                },
                {
                    "actionType": "RECORD",
                    "actionRecordSecond": 10
                }
            ]
        },
        {
            "paperHeader": {
                "pagerType": "QUESTION",
                "questionType": "2",
                "questionTitleType": "AUDIO",
                "questionOptionType": "",
                "questionOptionNum": 0,
                "showType": 1,
                "questionNo": "04",
                "questionId": "xhk100004"
            },
            "actions": [
                {
                    "actionType": "TITLE",
                    "actionText": "说话,第4题（共40题）"
                },
                {
                    "actionType": "QUESTION_TITLE",
                    "actionText": "4、听后重复"
                },
                {
                    "actionType": "AUDIO",
                    "actionAudioPath": "q4.mp3"
                },
                {
                    "actionType": "AUDIO",
                    "actionAudioPath": "DI.mp3"
                },
                {
                    "actionType": "RECORD",
                    "actionRecordSecond": 10
                }
            ]
        },
        {
            "paperHeader": {
                "pagerType": "QUESTION",
                "questionType": "2",
                "questionTitleType": "AUDIO",
                "questionOptionType": "",
                "questionOptionNum": 0,
                "showType": 1,
                "questionNo": "05",
                "questionId": "xhk100005"
            },
            "actions": [
                {
                    "actionType": "TITLE",
                    "actionText": "说话,第5题（共40题）"
                },
                {
                    "actionType": "QUESTION_TITLE",
                    "actionText": "5、听后重复"
                },
                {
                    "actionType": "AUDIO",
                    "actionAudioPath": "q5.mp3"
                },
                {
                    "actionType": "AUDIO",
                    "actionAudioPath": "DI.mp3"
                },
                {
                    "actionType": "RECORD",
                    "actionRecordSecond": 10
                }
            ]
        },
        {
            "paperHeader": {
                "pagerType": "TITLE",
                "questionType": "1",
                "questionTitleType": "",
                "questionOptionType": "",
                "questionOptionNum": 0,
                "showType": 1
            },
            "actions": [
                {
                    "actionType": "TITLE1",
                    "actionText": "一、说话"
                },
                {
                    "actionType": "TXT",
                    "actionText": "第6到第15题，请结合图片，在“嘀”声后回答你听到的问题。"
                },
                {
                    "actionType": "AUDIO",
                    "actionAudioPath": "shuohua.mp3"
                },
                {
                    "actionType": "AUDIO",
                    "actionAudioPath": "6-15.mp3"
                }
            ]
        },
        {
            "paperHeader": {
                "pagerType": "QUESTION",
                "questionType": "2",
                "questionTitleType": "IMG",
                "questionOptionType": "",
                "questionOptionNum": 0,
                "showType": 1,
                "questionNo": "06",
                "questionId": "xhk100006"
            },
            "actions": [
                {
                    "actionType": "TITLE",
                    "actionText": "说话,第6题（共40题）"
                },
                {
                    "actionType": "QUESTION_TITLE",
                    "actionText": "6、看图，回答听到的问题"
                },
                {
                    "actionType": "QUESTION_IMG",
                    "actionImgPath": "6.jpg"
                },
                {
                    "actionType": "AUDIO",
                    "actionAudioPath": "q6.mp3"
                },
                {
                    "actionType": "AUDIO",
                    "actionAudioPath": "DI.mp3"
                },
                {
                    "actionType": "RECORD",
                    "actionRecordSecond": 7
                }
            ]
        },
        {
            "paperHeader": {
                "pagerType": "QUESTION",
                "questionType": "2",
                "questionTitleType": "IMG",
                "questionOptionType": "",
                "questionOptionNum": 0,
                "showType": 1,
                "questionNo": "07",
                "questionId": "xhk100007"
            },
            "actions": [
                {
                    "actionType": "TITLE",
                    "actionText": "说话,第7题（共40题）"
                },
                {
                    "actionType": "QUESTION_TITLE",
                    "actionText": "7、看图，回答听到的问题"
                },
                {
                    "actionType": "QUESTION_IMG",
                    "actionImgPath": "7.jpg"
                },
                {
                    "actionType": "AUDIO",
                    "actionAudioPath": "q7.mp3"
                },
                {
                    "actionType": "AUDIO",
                    "actionAudioPath": "DI.mp3"
                },
                {
                    "actionType": "RECORD",
                    "actionRecordSecond": 7
                }
            ]
        },
        {
            "paperHeader": {
                "pagerType": "QUESTION",
                "questionType": "2",
                "questionTitleType": "IMG",
                "questionOptionType": "",
                "questionOptionNum": 0,
                "showType": 1,
                "questionNo": "08",
                "questionId": "xhk100008"
            },
            "actions": [
                {
                    "actionType": "TITLE",
                    "actionText": "说话,第8题（共40题）"
                },
                {
                    "actionType": "QUESTION_TITLE",
                    "actionText": "8、看图，回答听到的问题"
                },
                {
                    "actionType": "QUESTION_IMG",
                    "actionImgPath": "8.jpg"
                },
                {
                    "actionType": "AUDIO",
                    "actionAudioPath": "q8.mp3"
                },
                {
                    "actionType": "AUDIO",
                    "actionAudioPath": "DI.mp3"
                },
                {
                    "actionType": "RECORD",
                    "actionRecordSecond": 7
                }
            ]
        },
        {
            "paperHeader": {
                "pagerType": "QUESTION",
                "questionType": "2",
                "questionTitleType": "IMG",
                "questionOptionType": "",
                "questionOptionNum": 0,
                "showType": 1,
                "questionNo": "09",
                "questionId": "xhk100009"
            },
            "actions": [
                {
                    "actionType": "TITLE",
                    "actionText": "说话,第9题（共40题）"
                },
                {
                    "actionType": "QUESTION_TITLE",
                    "actionText": "9、看图，回答听到的问题"
                },
                {
                    "actionType": "QUESTION_IMG",
                    "actionImgPath": "9.jpg"
                },
                {
                    "actionType": "AUDIO",
                    "actionAudioPath": "q9.mp3"
                },
                {
                    "actionType": "AUDIO",
                    "actionAudioPath": "DI.mp3"
                },
                {
                    "actionType": "RECORD",
                    "actionRecordSecond": 7
                }
            ]
        },
        {
            "paperHeader": {
                "pagerType": "QUESTION",
                "questionType": "2",
                "questionTitleType": "IMG",
                "questionOptionType": "",
                "questionOptionNum": 0,
                "showType": 1,
                "questionNo": "10",
                "questionId": "xhk100010"
            },
            "actions": [
                {
                    "actionType": "TITLE",
                    "actionText": "说话,第10题（共40题）"
                },
                {
                    "actionType": "QUESTION_TITLE",
                    "actionText": "10、看图，回答听到的问题"
                },
                {
                    "actionType": "QUESTION_IMG",
                    "actionImgPath": "10.jpg"
                },
                {
                    "actionType": "AUDIO",
                    "actionAudioPath": "q10.mp3"
                },
                {
                    "actionType": "AUDIO",
                    "actionAudioPath": "DI.mp3"
                },
                {
                    "actionType": "RECORD",
                    "actionRecordSecond": 7
                }
            ]
        },
        {
            "paperHeader": {
                "pagerType": "QUESTION",
                "questionType": "2",
                "questionTitleType": "IMG",
                "questionOptionType": "",
                "questionOptionNum": 0,
                "showType": 1,
                "questionNo": "11",
                "questionId": "xhk100011"
            },
            "actions": [
                {
                    "actionType": "TITLE",
                    "actionText": "说话,第11题（共40题）"
                },
                {
                    "actionType": "QUESTION_TITLE",
                    "actionText": "11、看图，回答听到的问题"
                },
                {
                    "actionType": "QUESTION_IMG",
                    "actionImgPath": "11.jpg"
                },
                {
                    "actionType": "AUDIO",
                    "actionAudioPath": "q11.mp3"
                },
                {
                    "actionType": "AUDIO",
                    "actionAudioPath": "DI.mp3"
                },
                {
                    "actionType": "RECORD",
                    "actionRecordSecond": 7
                }
            ]
        },
        {
            "paperHeader": {
                "pagerType": "QUESTION",
                "questionType": "2",
                "questionTitleType": "IMG",
                "questionOptionType": "",
                "questionOptionNum": 0,
                "showType": 1,
                "questionNo": "12",
                "questionId": "xhk100012"
            },
            "actions": [
                {
                    "actionType": "TITLE",
                    "actionText": "说话,第12题（共40题）"
                },
                {
                    "actionType": "QUESTION_TITLE",
                    "actionText": "12、看图，回答听到的问题"
                },
                {
                    "actionType": "QUESTION_IMG",
                    "actionImgPath": "12.jpg"
                },
                {
                    "actionType": "AUDIO",
                    "actionAudioPath": "q12.mp3"
                },
                {
                    "actionType": "AUDIO",
                    "actionAudioPath": "DI.mp3"
                },
                {
                    "actionType": "RECORD",
                    "actionRecordSecond": 7
                }
            ]
        },
        {
            "paperHeader": {
                "pagerType": "QUESTION",
                "questionType": "2",
                "questionTitleType": "IMG",
                "questionOptionType": "",
                "questionOptionNum": 0,
                "showType": 1,
                "questionNo": "13",
                "questionId": "xhk100013"
            },
            "actions": [
                {
                    "actionType": "TITLE",
                    "actionText": "说话,第13题（共40题）"
                },
                {
                    "actionType": "QUESTION_TITLE",
                    "actionText": "13、看图，回答听到的问题"
                },
                {
                    "actionType": "QUESTION_IMG",
                    "actionImgPath": "13.jpg"
                },
                {
                    "actionType": "AUDIO",
                    "actionAudioPath": "q13.mp3"
                },
                {
                    "actionType": "AUDIO",
                    "actionAudioPath": "DI.mp3"
                },
                {
                    "actionType": "RECORD",
                    "actionRecordSecond": 7
                }
            ]
        },
        {
            "paperHeader": {
                "pagerType": "QUESTION",
                "questionType": "2",
                "questionTitleType": "IMG",
                "questionOptionType": "",
                "questionOptionNum": 0,
                "showType": 1,
                "questionNo": "14",
                "questionId": "xhk100014"
            },
            "actions": [
                {
                    "actionType": "TITLE",
                    "actionText": "说话,第14题（共40题）"
                },
                {
                    "actionType": "QUESTION_TITLE",
                    "actionText": "14、看图，回答听到的问题"
                },
                {
                    "actionType": "QUESTION_IMG",
                    "actionImgPath": "14.jpg"
                },
                {
                    "actionType": "AUDIO",
                    "actionAudioPath": "q14.mp3"
                },
                {
                    "actionType": "AUDIO",
                    "actionAudioPath": "DI.mp3"
                },
                {
                    "actionType": "RECORD",
                    "actionRecordSecond": 7
                }
            ]
        },
        {
            "paperHeader": {
                "pagerType": "QUESTION",
                "questionType": "2",
                "questionTitleType": "IMG",
                "questionOptionType": "",
                "questionOptionNum": 0,
                "showType": 1,
                "questionNo": "15",
                "questionId": "xhk100015"
            },
            "actions": [
                {
                    "actionType": "TITLE",
                    "actionText": "说话,第15题（共40题）"
                },
                {
                    "actionType": "QUESTION_TITLE",
                    "actionText": "15、看图，回答听到的问题"
                },
                {
                    "actionType": "QUESTION_IMG",
                    "actionImgPath": "15.jpg"
                },
                {
                    "actionType": "AUDIO",
                    "actionAudioPath": "q15.mp3"
                },
                {
                    "actionType": "AUDIO",
                    "actionAudioPath": "DI.mp3"
                },
                {
                    "actionType": "RECORD",
                    "actionRecordSecond": 7
                }
            ]
        },
        {
            "paperHeader": {
                "pagerType": "TITLE",
                "questionType": "1",
                "questionTitleType": "",
                "questionOptionType": "",
                "questionOptionNum": 0,
                "showType": 1
            },
            "actions": [
                {
                    "actionType": "TITLE1",
                    "actionText": "二、听力"
                },
                {
                    "actionType": "TXT",
                    "actionText": "一共10个题。第16到第20题，请听对话，选择正确图片。"
                },
                {
                    "actionType": "AUDIO",
                    "actionAudioPath": "tingli.mp3"
                },
                {
                    "actionType": "AUDIO",
                    "actionAudioPath": "16-20.mp3"
                }
            ]
        },
        {
            "paperHeader": {
                "pagerType": "QUESTION",
                "questionType": "3",
                "questionTitleType": "AUDIO",
                "questionOptionType": "IMG",
                "questionOptionNum": 6,
                "showType": 1,
                "questionNo": "16",
                "questionId": "xhk100016"
            },
            "actions": [
                {
                    "actionType": "TITLE",
                    "actionText": "听力第16题（共40题）"
                },
                {
                    "actionType": "QUESTION_TITLE",
                    "actionText": "16、听对话，选择正确图片。"
                },
                {
                    "actionType": "QUESTION_OPTION",
                    "options": [
                        {
                            "content": "tl_a.jpg",
                            "key": "A",
                            "optionFormat": "IMG"
                        },
                        {
                            "content": "tl_b.jpg",
                            "key": "B",
                            "optionFormat": "IMG"
                        },
                        {
                            "content": "tl_c.jpg",
                            "key": "C",
                            "optionFormat": "IMG"
                        },
                        {
                            "content": "tl_d.jpg",
                            "key": "D",
                            "optionFormat": "IMG"
                        },
                        {
                            "content": "tl_e.jpg",
                            "key": "E",
                            "optionFormat": "IMG"
                        },
                        {
                            "content": "tl_f.jpg",
                            "key": "F",
                            "optionFormat": "IMG"
                        }
                    ]
                },
                {
                    "actionType": "AUDIO",
                    "actionAudioPath": "q16-1.mp3"
                },
                {
                    "actionType": "AUDIO",
                    "actionAudioPath": "q16-0.mp3"
                },
                {
                    "actionType": "WAIT",
                    "actionWaitSecond": 10
                }
            ]
        },
        {
            "paperHeader": {
                "pagerType": "QUESTION",
                "questionType": "3",
                "questionTitleType": "AUDIO",
                "questionOptionType": "IMG",
                "questionOptionNum": 6,
                "showType": 1,
                "questionNo": "17",
                "questionId": "xhk100017"
            },
            "actions": [
                {
                    "actionType": "TITLE",
                    "actionText": "听力第17题（共40题）"
                },
                {
                    "actionType": "QUESTION_TITLE",
                    "actionText": "17、听对话，选择正确图片。"
                },
                {
                    "actionType": "QUESTION_OPTION",
                    "options": [
                        {
                            "content": "tl_a.jpg",
                            "key": "A",
                            "optionFormat": "IMG"
                        },
                        {
                            "content": "tl_b.jpg",
                            "key": "B",
                            "optionFormat": "IMG"
                        },
                        {
                            "content": "tl_c.jpg",
                            "key": "C",
                            "optionFormat": "IMG"
                        },
                        {
                            "content": "tl_d.jpg",
                            "key": "D",
                            "optionFormat": "IMG"
                        },
                        {
                            "content": "tl_e.jpg",
                            "key": "E",
                            "optionFormat": "IMG"
                        },
                        {
                            "content": "tl_f.jpg",
                            "key": "F",
                            "optionFormat": "IMG"
                        }
                    ]
                },
                {
                    "actionType": "AUDIO",
                    "actionAudioPath": "q17-0.mp3"
                },
                {
                    "actionType": "AUDIO",
                    "actionAudioPath": "q17-1.mp3"
                },
                {
                    "actionType": "WAIT",
                    "actionWaitSecond": 10
                }
            ]
        },
        {
            "paperHeader": {
                "pagerType": "QUESTION",
                "questionType": "3",
                "questionTitleType": "AUDIO",
                "questionOptionType": "IMG",
                "questionOptionNum": 6,
                "showType": 1,
                "questionNo": "18",
                "questionId": "xhk100018"
            },
            "actions": [
                {
                    "actionType": "TITLE",
                    "actionText": "听力第18题（共40题）"
                },
                {
                    "actionType": "QUESTION_TITLE",
                    "actionText": "18、听对话，选择正确图片。"
                },
                {
                    "actionType": "QUESTION_OPTION",
                    "options": [
                        {
                            "content": "tl_a.jpg",
                            "key": "A",
                            "optionFormat": "IMG"
                        },
                        {
                            "content": "tl_b.jpg",
                            "key": "B",
                            "optionFormat": "IMG"
                        },
                        {
                            "content": "tl_c.jpg",
                            "key": "C",
                            "optionFormat": "IMG"
                        },
                        {
                            "content": "tl_d.jpg",
                            "key": "D",
                            "optionFormat": "IMG"
                        },
                        {
                            "content": "tl_e.jpg",
                            "key": "E",
                            "optionFormat": "IMG"
                        },
                        {
                            "content": "tl_f.jpg",
                            "key": "F",
                            "optionFormat": "IMG"
                        }
                    ]
                },
                {
                    "actionType": "AUDIO",
                    "actionAudioPath": "q18-1.mp3"
                },
                {
                    "actionType": "AUDIO",
                    "actionAudioPath": "q18-0.mp3"
                },
                {
                    "actionType": "WAIT",
                    "actionWaitSecond": 10
                }
            ]
        },
        {
            "paperHeader": {
                "pagerType": "QUESTION",
                "questionType": "3",
                "questionTitleType": "AUDIO",
                "questionOptionType": "IMG",
                "questionOptionNum": 6,
                "showType": 1,
                "questionNo": "19",
                "questionId": "xhk100019"
            },
            "actions": [
                {
                    "actionType": "TITLE",
                    "actionText": "听力第19题（共40题）"
                },
                {
                    "actionType": "QUESTION_TITLE",
                    "actionText": "19、听对话，选择正确图片。"
                },
                {
                    "actionType": "QUESTION_OPTION",
                    "options": [
                        {
                            "content": "tl_a.jpg",
                            "key": "A",
                            "optionFormat": "IMG"
                        },
                        {
                            "content": "tl_b.jpg",
                            "key": "B",
                            "optionFormat": "IMG"
                        },
                        {
                            "content": "tl_c.jpg",
                            "key": "C",
                            "optionFormat": "IMG"
                        },
                        {
                            "content": "tl_d.jpg",
                            "key": "D",
                            "optionFormat": "IMG"
                        },
                        {
                            "content": "tl_e.jpg",
                            "key": "E",
                            "optionFormat": "IMG"
                        },
                        {
                            "content": "tl_f.jpg",
                            "key": "F",
                            "optionFormat": "IMG"
                        }
                    ]
                },
                {
                    "actionType": "AUDIO",
                    "actionAudioPath": "q19-0.mp3"
                },
                {
                    "actionType": "AUDIO",
                    "actionAudioPath": "q19-1.mp3"
                },
                {
                    "actionType": "WAIT",
                    "actionWaitSecond": 10
                }
            ]
        },
        {
            "paperHeader": {
                "pagerType": "QUESTION",
                "questionType": "3",
                "questionTitleType": "AUDIO",
                "questionOptionType": "IMG",
                "questionOptionNum": 6,
                "showType": 1,
                "questionNo": "20",
                "questionId": "xhk100020"
            },
            "actions": [
                {
                    "actionType": "TITLE",
                    "actionText": "听力第20题（共40题）"
                },
                {
                    "actionType": "QUESTION_TITLE",
                    "actionText": "20、听对话，选择正确图片。"
                },
                {
                    "actionType": "QUESTION_OPTION",
                    "options": [
                        {
                            "content": "tl_a.jpg",
                            "key": "A",
                            "optionFormat": "IMG"
                        },
                        {
                            "content": "tl_b.jpg",
                            "key": "B",
                            "optionFormat": "IMG"
                        },
                        {
                            "content": "tl_c.jpg",
                            "key": "C",
                            "optionFormat": "IMG"
                        },
                        {
                            "content": "tl_d.jpg",
                            "key": "D",
                            "optionFormat": "IMG"
                        },
                        {
                            "content": "tl_e.jpg",
                            "key": "E",
                            "optionFormat": "IMG"
                        },
                        {
                            "content": "tl_f.jpg",
                            "key": "F",
                            "optionFormat": "IMG"
                        }
                    ]
                },
                {
                    "actionType": "AUDIO",
                    "actionAudioPath": "q20-1.mp3"
                },
                {
                    "actionType": "AUDIO",
                    "actionAudioPath": "q20-0.mp3"
                },
                {
                    "actionType": "WAIT",
                    "actionWaitSecond": 10
                }
            ]
        },
        {
            "paperHeader": {
                "pagerType": "TITLE",
                "questionType": "1",
                "questionTitleType": "",
                "questionOptionType": "",
                "questionOptionNum": 0,
                "showType": 1
            },
            "actions": [
                {
                    "actionType": "TITLE1",
                    "actionText": "二、听力"
                },
                {
                    "actionType": "TXT",
                    "actionText": "第21到第25题，请听对话，选择正确答案。"
                },
                {
                    "actionType": "AUDIO",
                    "actionAudioPath": "tingli.mp3"
                },
                {
                    "actionType": "AUDIO",
                    "actionAudioPath": "21-25.mp3"
                }
            ]
        },
        {
            "paperHeader": {
                "pagerType": "QUESTION",
                "questionType": "4",
                "questionTitleType": "AUDIO",
                "questionOptionType": "TXT",
                "questionOptionNum": 3,
                "showType": 1,
                "questionNo": "21",
                "questionId": "xhk100021"
            },
            "actions": [
                {
                    "actionType": "TITLE",
                    "actionText": "听力第21题（共40题）"
                },
                {
                    "actionType": "QUESTION_TITLE",
                    "actionText": "21、听对话，选择正确答案。"
                },
                {
                    "actionType": "QUESTION_OPTION",
                    "options": [
                        {
                            "content": "村委会",
                            "key": "A",
                            "optionFormat": "TXT"
                        },
                        {
                            "content": "火车站",
                            "key": "B",
                            "optionFormat": "TXT"
                        },
                        {
                            "content": "巴扎",
                            "key": "C",
                            "optionFormat": "TXT"
                        }
                    ]
                },
                {
                    "actionType": "AUDIO",
                    "actionAudioPath": "q21-0.mp3"
                },
                {
                    "actionType": "AUDIO",
                    "actionAudioPath": "q21-1.mp3"
                },
                {
                    "actionType": "AUDIO",
                    "actionAudioPath": "q21-w.mp3"
                },
                {
                    "actionType": "WAIT",
                    "actionWaitSecond": 10
                }
            ]
        },
        {
            "paperHeader": {
                "pagerType": "QUESTION",
                "questionType": "4",
                "questionTitleType": "AUDIO",
                "questionOptionType": "TXT",
                "questionOptionNum": 3,
                "showType": 1,
                "questionNo": "22",
                "questionId": "xhk100022"
            },
            "actions": [
                {
                    "actionType": "TITLE",
                    "actionText": "听力第22题（共40题）"
                },
                {
                    "actionType": "QUESTION_TITLE",
                    "actionText": "22、听对话，选择正确答案。"
                },
                {
                    "actionType": "QUESTION_OPTION",
                    "options": [
                        {
                            "content": "学校",
                            "key": "A",
                            "optionFormat": "TXT"
                        },
                        {
                            "content": "医院",
                            "key": "B",
                            "optionFormat": "TXT"
                        },
                        {
                            "content": "村委会",
                            "key": "C",
                            "optionFormat": "TXT"
                        }
                    ]
                },
                {
                    "actionType": "AUDIO",
                    "actionAudioPath": "q22-1.mp3"
                },
                {
                    "actionType": "AUDIO",
                    "actionAudioPath": "q22-0.mp3"
                },
                {
                    "actionType": "AUDIO",
                    "actionAudioPath": "q22-w.mp3"
                },
                {
                    "actionType": "WAIT",
                    "actionWaitSecond": 10
                }
            ]
        },
        {
            "paperHeader": {
                "pagerType": "QUESTION",
                "questionType": "4",
                "questionTitleType": "AUDIO",
                "questionOptionType": "TXT",
                "questionOptionNum": 3,
                "showType": 1,
                "questionNo": "23",
                "questionId": "xhk100023"
            },
            "actions": [
                {
                    "actionType": "TITLE",
                    "actionText": "听力第23题（共40题）"
                },
                {
                    "actionType": "QUESTION_TITLE",
                    "actionText": "23、听对话，选择正确答案。"
                },
                {
                    "actionType": "QUESTION_OPTION",
                    "options": [
                        {
                            "content": "身份证",
                            "key": "A",
                            "optionFormat": "TXT"
                        },
                        {
                            "content": "户口本",
                            "key": "B",
                            "optionFormat": "TXT"
                        },
                        {
                            "content": "电话本",
                            "key": "C",
                            "optionFormat": "TXT"
                        }
                    ]
                },
                {
                    "actionType": "AUDIO",
                    "actionAudioPath": "q23-0.mp3"
                },
                {
                    "actionType": "AUDIO",
                    "actionAudioPath": "q23-1.mp3"
                },
                {
                    "actionType": "AUDIO",
                    "actionAudioPath": "q23-w.mp3"
                },
                {
                    "actionType": "WAIT",
                    "actionWaitSecond": 10
                }
            ]
        },
        {
            "paperHeader": {
                "pagerType": "QUESTION",
                "questionType": "4",
                "questionTitleType": "AUDIO",
                "questionOptionType": "TXT",
                "questionOptionNum": 3,
                "showType": 1,
                "questionNo": "24",
                "questionId": "xhk100024"
            },
            "actions": [
                {
                    "actionType": "TITLE",
                    "actionText": "听力第24题（共40题）"
                },
                {
                    "actionType": "QUESTION_TITLE",
                    "actionText": "24、听对话，选择正确答案。"
                },
                {
                    "actionType": "QUESTION_OPTION",
                    "options": [
                        {
                            "content": "漂亮",
                            "key": "A",
                            "optionFormat": "TXT"
                        },
                        {
                            "content": "便宜",
                            "key": "B",
                            "optionFormat": "TXT"
                        },
                        {
                            "content": "不好",
                            "key": "C",
                            "optionFormat": "TXT"
                        }
                    ]
                },
                {
                    "actionType": "AUDIO",
                    "actionAudioPath": "q24-1.mp3"
                },
                {
                    "actionType": "AUDIO",
                    "actionAudioPath": "q24-0.mp3"
                },
                {
                    "actionType": "AUDIO",
                    "actionAudioPath": "q24-w.mp3"
                },
                {
                    "actionType": "WAIT",
                    "actionWaitSecond": 10
                }
            ]
        },
        {
            "paperHeader": {
                "pagerType": "QUESTION",
                "questionType": "4",
                "questionTitleType": "AUDIO",
                "questionOptionType": "TXT",
                "questionOptionNum": 3,
                "showType": 1,
                "questionNo": "25",
                "questionId": "xhk100025"
            },
            "actions": [
                {
                    "actionType": "TITLE",
                    "actionText": "听力第25题（共40题）"
                },
                {
                    "actionType": "QUESTION_TITLE",
                    "actionText": "25、听对话，选择正确答案。"
                },
                {
                    "actionType": "QUESTION_OPTION",
                    "options": [
                        {
                            "content": "水果",
                            "key": "A",
                            "optionFormat": "TXT"
                        },
                        {
                            "content": "铅笔",
                            "key": "B",
                            "optionFormat": "TXT"
                        },
                        {
                            "content": "电影票",
                            "key": "C",
                            "optionFormat": "TXT"
                        }
                    ]
                },
                {
                    "actionType": "AUDIO",
                    "actionAudioPath": "q25-0.mp3"
                },
                {
                    "actionType": "AUDIO",
                    "actionAudioPath": "q25-1.mp3"
                },
                {
                    "actionType": "AUDIO",
                    "actionAudioPath": "q25-w.mp3"
                },
                {
                    "actionType": "WAIT",
                    "actionWaitSecond": 10
                }
            ]
        },
        {
            "paperHeader": {
                "pagerType": "TITLE",
                "questionType": "1",
                "questionTitleType": "",
                "questionOptionType": "",
                "questionOptionNum": 0,
                "showType": 1
            },
            "actions": [
                {
                    "actionType": "TITLE1",
                    "actionText": "三、阅读"
                },{
                    "actionType": "TITLE1",
                    "actionText": "第一部分"
                },
                {
                    "actionType": "TXT",
                    "actionText": "第26到第30题"
                },
                {
                    "actionType": "AUDIO",
                    "actionAudioPath": "yuedu.mp3"
                },
                {
                    "actionType": "AUDIO",
                    "actionAudioPath": "part1.mp3"
                },
                {
                    "actionType": "AUDIO",
                    "actionAudioPath": "26-30.mp3"
                }
            ]
        },
        {
            "paperHeader": {
                "pagerType": "QUESTION",
                "questionType": "5",
                "questionTitleType": "IMG",
                "questionOptionType": "",
                "questionOptionNum": 2,
                "showType": 1,
                "questionNo": "26",
                "questionId": "xhk100026"
            },
            "actions": [
                {
                    "actionType": "TITLE",
                    "actionText": "阅读第一部分第26题（共40题）"
                },
                {
                    "actionType": "QUESTION_TITLE",
                    "actionText": "26、"
                },
                {
                    "actionType": "QUESTION_IMG",
                    "actionImgPath": "26.jpg"
                },
                {
                    "actionType": "QUESTION_TXT",
                    "actionText": "铅笔"
                },
                {
                    "actionType": "WAIT",
                    "actionWaitSecond": 10
                }
            ]
        },
        {
            "paperHeader": {
                "pagerType": "QUESTION",
                "questionType": "5",
                "questionTitleType": "IMG",
                "questionOptionType": "",
                "questionOptionNum": 2,
                "showType": 1,
                "questionNo": "27",
                "questionId": "xhk100027"
            },
            "actions": [
                {
                    "actionType": "TITLE",
                    "actionText": "阅读第一部分第27题（共40题）"
                },
                {
                    "actionType": "QUESTION_TITLE",
                    "actionText": "27、"
                },
                {
                    "actionType": "QUESTION_IMG",
                    "actionImgPath": "27.jpg"
                },
                {
                    "actionType": "QUESTION_TXT",
                    "actionText": "睡觉"
                },
                {
                    "actionType": "WAIT",
                    "actionWaitSecond": 10
                }
            ]
        },
        {
            "paperHeader": {
                "pagerType": "QUESTION",
                "questionType": "5",
                "questionTitleType": "IMG",
                "questionOptionType": "",
                "questionOptionNum": 2,
                "showType": 1,
                "questionNo": "28",
                "questionId": "xhk100028"
            },
            "actions": [
                {
                    "actionType": "TITLE",
                    "actionText": "阅读第一部分第28题（共40题）"
                },
                {
                    "actionType": "QUESTION_TITLE",
                    "actionText": "28、"
                },
                {
                    "actionType": "QUESTION_IMG",
                    "actionImgPath": "28.jpg"
                },
                {
                    "actionType": "QUESTION_TXT",
                    "actionText": "蛋糕"
                },
                {
                    "actionType": "WAIT",
                    "actionWaitSecond": 10
                }
            ]
        },
        {
            "paperHeader": {
                "pagerType": "QUESTION",
                "questionType": "5",
                "questionTitleType": "IMG",
                "questionOptionType": "",
                "questionOptionNum": 2,
                "showType": 1,
                "questionNo": "29",
                "questionId": "xhk100029"
            },
            "actions": [
                {
                    "actionType": "TITLE",
                    "actionText": "阅读第一部分第29题（共40题）"
                },
                {
                    "actionType": "QUESTION_TITLE",
                    "actionText": "29、"
                },
                {
                    "actionType": "QUESTION_IMG",
                    "actionImgPath": "29.jpg"
                },
                {
                    "actionType": "QUESTION_TXT",
                    "actionText": "四"
                },
                {
                    "actionType": "WAIT",
                    "actionWaitSecond": 10
                }
            ]
        },
        {
            "paperHeader": {
                "pagerType": "QUESTION",
                "questionType": "5",
                "questionTitleType": "IMG",
                "questionOptionType": "",
                "questionOptionNum": 2,
                "showType": 1,
                "questionNo": "30",
                "questionId": "xhk100030"
            },
            "actions": [
                {
                    "actionType": "TITLE",
                    "actionText": "阅读第一部分第30题（共40题）"
                },
                {
                    "actionType": "QUESTION_TITLE",
                    "actionText": "30、"
                },
                {
                    "actionType": "QUESTION_IMG",
                    "actionImgPath": "30.jpg"
                },
                {
                    "actionType": "QUESTION_TXT",
                    "actionText": "唱歌"
                },
                {
                    "actionType": "WAIT",
                    "actionWaitSecond": 10
                }
            ]
        },
        {
            "paperHeader": {
                "pagerType": "TITLE",
                "questionType": "1",
                "questionTitleType": "",
                "questionOptionType": "",
                "questionOptionNum": 0,
                "showType": 1
            },
            "actions": [
                {
                    "actionType": "TITLE1",
                    "actionText": "三、阅读"
                },{
                    "actionType": "TITLE1",
                    "actionText": "第二部分"
                },
                {
                    "actionType": "TXT",
                    "actionText": "第31到第35题"
                },
                {
                    "actionType": "AUDIO",
                    "actionAudioPath": "yuedu.mp3"
                },
                {
                    "actionType": "AUDIO",
                    "actionAudioPath": "part2.mp3"
                },
                {
                    "actionType": "AUDIO",
                    "actionAudioPath": "31-35.mp3"
                }
            ]
        },
        {
            "paperHeader": {
                "pagerType": "QUESTION",
                "questionType": "4",
                "questionTitleType": "TXT",
                "questionOptionType": "TXT",
                "questionOptionNum": 6,
                "showType": 1,
                "questionNo": "31",
                "questionId": "xhk100031"
            },
            "actions": [
                {
                    "actionType": "TITLE",
                    "actionText": "阅读第二部分第31题（共40题）"
                },
                {
                    "actionType": "QUESTION_TITLE",
                    "actionText": "31、你喜欢什么水果？"
                },
                {
                    "actionType": "QUESTION_OPTION",
                    "options": [
                        {
                            "content": "10点",
                            "key": "A",
                            "optionFormat": "TXT"
                        },
                        {
                            "content": "我前面",
                            "key": "B",
                            "optionFormat": "TXT"
                        },
                        {
                            "content": "西瓜",
                            "key": "C",
                            "optionFormat": "TXT"
                        },
                        {
                            "content": "再见",
                            "key": "D",
                            "optionFormat": "TXT"
                        },
                        {
                            "content": "非常远",
                            "key": "E",
                            "optionFormat": "TXT"
                        },
                        {
                            "content": "好的,谢谢！",
                            "key": "F",
                            "optionFormat": "TXT"
                        }
                    ]
                },
                {
                    "actionType": "WAIT",
                    "actionWaitSecond": 10
                }
            ]
        },
        {
            "paperHeader": {
                "pagerType": "QUESTION",
                "questionType": "4",
                "questionTitleType": "TXT",
                "questionOptionType": "TXT",
                "questionOptionNum": 6,
                "showType": 1,
                "questionNo": "32",
                "questionId": "xhk100032"
            },
            "actions": [
                {
                    "actionType": "TITLE",
                    "actionText": "阅读第二部分第32题（共40题）"
                },
                {
                    "actionType": "QUESTION_TITLE",
                    "actionText": "32、北京离新疆远吗？"
                },
                {
                    "actionType": "QUESTION_OPTION",
                    "options": [
                        {
                            "content": "10点",
                            "key": "A",
                            "optionFormat": "TXT"
                        },
                        {
                            "content": "我前面",
                            "key": "B",
                            "optionFormat": "TXT"
                        },
                        {
                            "content": "西瓜",
                            "key": "C",
                            "optionFormat": "TXT"
                        },
                        {
                            "content": "再见",
                            "key": "D",
                            "optionFormat": "TXT"
                        },
                        {
                            "content": "非常远",
                            "key": "E",
                            "optionFormat": "TXT"
                        },
                        {
                            "content": "好的,谢谢！",
                            "key": "F",
                            "optionFormat": "TXT"
                        }
                    ]
                },
                {
                    "actionType": "WAIT",
                    "actionWaitSecond": 10
                }
            ]
        },
        {
            "paperHeader": {
                "pagerType": "QUESTION",
                "questionType": "4",
                "questionTitleType": "TXT",
                "questionOptionType": "TXT",
                "questionOptionNum": 6,
                "showType": 1,
                "questionNo": "33",
                "questionId": "xhk100033"
            },
            "actions": [
                {
                    "actionType": "TITLE",
                    "actionText": "阅读第二部分第33题（共40题）"
                },
                {
                    "actionType": "QUESTION_TITLE",
                    "actionText": "33、我回家了，明天见。"
                },
                {
                    "actionType": "QUESTION_OPTION",
                    "options": [
                        {
                            "content": "10点",
                            "key": "A",
                            "optionFormat": "TXT"
                        },
                        {
                            "content": "我前面",
                            "key": "B",
                            "optionFormat": "TXT"
                        },
                        {
                            "content": "西瓜",
                            "key": "C",
                            "optionFormat": "TXT"
                        },
                        {
                            "content": "再见",
                            "key": "D",
                            "optionFormat": "TXT"
                        },
                        {
                            "content": "非常远",
                            "key": "E",
                            "optionFormat": "TXT"
                        },
                        {
                            "content": "好的,谢谢！",
                            "key": "F",
                            "optionFormat": "TXT"
                        }
                    ]
                },
                {
                    "actionType": "WAIT",
                    "actionWaitSecond": 10
                }
            ]
        },
        {
            "paperHeader": {
                "pagerType": "QUESTION",
                "questionType": "4",
                "questionTitleType": "TXT",
                "questionOptionType": "TXT",
                "questionOptionNum": 6,
                "showType": 1,
                "questionNo": "34",
                "questionId": "xhk100034"
            },
            "actions": [
                {
                    "actionType": "TITLE",
                    "actionText": "阅读第二部分第34题（共40题）"
                },
                {
                    "actionType": "QUESTION_TITLE",
                    "actionText": "34、书记坐在哪？"
                },
                {
                    "actionType": "QUESTION_OPTION",
                    "options": [
                        {
                            "content": "10点",
                            "key": "A",
                            "optionFormat": "TXT"
                        },
                        {
                            "content": "我前面",
                            "key": "B",
                            "optionFormat": "TXT"
                        },
                        {
                            "content": "西瓜",
                            "key": "C",
                            "optionFormat": "TXT"
                        },
                        {
                            "content": "再见",
                            "key": "D",
                            "optionFormat": "TXT"
                        },
                        {
                            "content": "非常远",
                            "key": "E",
                            "optionFormat": "TXT"
                        },
                        {
                            "content": "好的,谢谢！",
                            "key": "F",
                            "optionFormat": "TXT"
                        }
                    ]
                },
                {
                    "actionType": "WAIT",
                    "actionWaitSecond": 10
                }
            ]
        },
        {
            "paperHeader": {
                "pagerType": "QUESTION",
                "questionType": "4",
                "questionTitleType": "TXT",
                "questionOptionType": "TXT",
                "questionOptionNum": 6,
                "showType": 1,
                "questionNo": "35",
                "questionId": "xhk100035"
            },
            "actions": [
                {
                    "actionType": "TITLE",
                    "actionText": "阅读第二部分第35题（共40题）"
                },
                {
                    "actionType": "QUESTION_TITLE",
                    "actionText": "35、我们什么时候进教室？"
                },
                {
                    "actionType": "QUESTION_OPTION",
                    "options": [
                        {
                            "content": "10点",
                            "key": "A",
                            "optionFormat": "TXT"
                        },
                        {
                            "content": "我前面",
                            "key": "B",
                            "optionFormat": "TXT"
                        },
                        {
                            "content": "西瓜",
                            "key": "C",
                            "optionFormat": "TXT"
                        },
                        {
                            "content": "再见",
                            "key": "D",
                            "optionFormat": "TXT"
                        },
                        {
                            "content": "非常远",
                            "key": "E",
                            "optionFormat": "TXT"
                        },
                        {
                            "content": "好的,谢谢！",
                            "key": "F",
                            "optionFormat": "TXT"
                        }
                    ]
                },
                {
                    "actionType": "WAIT",
                    "actionWaitSecond": 10
                }
            ]
        },
        {
            "paperHeader": {
                "pagerType": "TITLE",
                "questionType": "1",
                "questionTitleType": "",
                "questionOptionType": "",
                "questionOptionNum": 0,
                "showType": 1
            },
            "actions": [
                {
                    "actionType": "TITLE1",
                    "actionText": "三、阅读"
                },{
                    "actionType": "TITLE1",
                    "actionText": "第三部分"
                },
                {
                    "actionType": "TXT",
                    "actionText": "第36到第40题"
                },
                {
                    "actionType": "AUDIO",
                    "actionAudioPath": "yuedu.mp3"
                },
                {
                    "actionType": "AUDIO",
                    "actionAudioPath": "part3.mp3"
                },
                {
                    "actionType": "AUDIO",
                    "actionAudioPath": "36-40.mp3"
                }
            ]
        },
        {
            "paperHeader": {
                "pagerType": "QUESTION",
                "questionType": "5",
                "questionTitleType": "TXT",
                "questionOptionType": "",
                "questionOptionNum": 2,
                "showType": 1,
                "questionNo": "36",
                "questionId": "xhk100036"
            },
            "actions": [
                {
                    "actionType": "TITLE",
                    "actionText": "阅读第三部分第36题（共40题）"
                },
                {
                    "actionType": "QUESTION_TITLE",
                    "actionText": "36、村长让我叫你去开会。"
                },
                {
                    "actionType": "QUESTION_TXT",
                    "actionText": "我让你去开会。"
                },
                {
                    "actionType": "WAIT",
                    "actionWaitSecond": 10
                }
            ]
        },
        {
            "paperHeader": {
                "pagerType": "QUESTION",
                "questionType": "5",
                "questionTitleType": "TXT",
                "questionOptionType": "",
                "questionOptionNum": 2,
                "showType": 1,
                "questionNo": "37",
                "questionId": "xhk100037"
            },
            "actions": [
                {
                    "actionType": "TITLE",
                    "actionText": "阅读第三部分第37题（共40题）"
                },
                {
                    "actionType": "QUESTION_TITLE",
                    "actionText": "37、你叫什么，我忘记你的名字了。"
                },
                {
                    "actionType": "QUESTION_TXT",
                    "actionText": "我不知道你的名字。"
                },
                {
                    "actionType": "WAIT",
                    "actionWaitSecond": 10
                }
            ]
        },
        {
            "paperHeader": {
                "pagerType": "QUESTION",
                "questionType": "5",
                "questionTitleType": "TXT",
                "questionOptionType": "",
                "questionOptionNum": 2,
                "showType": 1,
                "questionNo": "38",
                "questionId": "xhk100038"
            },
            "actions": [
                {
                    "actionType": "TITLE",
                    "actionText": "阅读第三部分第38题（共40题）"
                },
                {
                    "actionType": "QUESTION_TITLE",
                    "actionText": "38、再过两天就是我妈妈的生日了。"
                },
                {
                    "actionType": "QUESTION_TXT",
                    "actionText": "我妈妈的生日过完了。"
                },
                {
                    "actionType": "WAIT",
                    "actionWaitSecond": 10
                }
            ]
        },
        {
            "paperHeader": {
                "pagerType": "QUESTION",
                "questionType": "5",
                "questionTitleType": "TXT",
                "questionOptionType": "",
                "questionOptionNum": 2,
                "showType": 1,
                "questionNo": "39",
                "questionId": "xhk100039"
            },
            "actions": [
                {
                    "actionType": "TITLE",
                    "actionText": "阅读第三部分第39题（共40题）"
                },
                {
                    "actionType": "QUESTION_TITLE",
                    "actionText": "39、去年天气很冷，我们去了牧民家，他们给我们喝热奶茶。"
                },
                {
                    "actionType": "QUESTION_TXT",
                    "actionText": "奶茶很冷。"
                },
                {
                    "actionType": "WAIT",
                    "actionWaitSecond": 10
                }
            ]
        },
        {
            "paperHeader": {
                "pagerType": "QUESTION",
                "questionType": "5",
                "questionTitleType": "TXT",
                "questionOptionType": "",
                "questionOptionNum": 2,
                "showType": 1,
                "questionNo": "40",
                "questionId": "xhk100040"
            },
            "actions": [
                {
                    "actionType": "TITLE",
                    "actionText": "阅读第三部分第40题（共40题）"
                },
                {
                    "actionType": "QUESTION_TITLE",
                    "actionText": "40、希望明天天气好，我和丈夫去巴扎卖西瓜。"
                },
                {
                    "actionType": "QUESTION_TXT",
                    "actionText": "我和丈夫明天去卖东西。"
                },
                {
                    "actionType": "WAIT",
                    "actionWaitSecond": 10
                }
            ]
        }
		
    ]
}